<?xml version="1.0" encoding="UTF-8"?>
<cockatrice_carddatabase version="4">
  <sets>
    <set>
      <name></name>
      <longname></longname>
      <settype>Custom</settype>
    </set>
  </sets>
  <cards>

    <card>
      <name>CW01 W Loves Artifacts</name>
      <set rarity="common"></set>
      <prop>
        <colors>W</colors>
        <manacost>W</manacost>
        <cmc>1</cmc>
        <type>Artifact Creature - Construct </type>
        <maintype>Creature</maintype>
        <pt>1/1</pt>
      </prop>
      <tablerow>2</tablerow>
      <text>As long as you control another artifact, W Loves Artifacts gets +1/+1.</text>
    </card>
    <card>
      <name>CW02 Chef</name>
      <set rarity="common"></set>
      <prop>
        <colors>W</colors>
        <manacost>W</manacost>
        <cmc>1</cmc>
        <type>Creature - Ox Citizen </type>
        <maintype>Creature</maintype>
        <pt>1/2</pt>
      </prop>
      <tablerow>2</tablerow>
      <text>Lifelink
When Chef enters, create a Food token. (It’s an artifact with “{2}, {T}, Sacrifice this artifact: You gain 3 life.”)</text>
    </card>
    <card>
      <name>CW03 Vehicle Signal</name>
      <set rarity="common"></set>
      <prop>
        <colors>W</colors>
        <manacost>1W</manacost>
        <cmc>2</cmc>
        <type>Creature - Human Artificer Ranger </type>
        <maintype>Creature</maintype>
        <pt>2/2</pt>
      </prop>
      <tablerow>2</tablerow>
      <text>Vigilance
Whenever Vehicle Signal or a Vehicle it crewed attacks, surveil 1. (Look at the top card of your library. You may put that card into your graveyard.)</text>
    </card>
    <card>
      <name>CW04 Enchantment Signal</name>
      <set rarity="common"></set>
      <prop>
        <colors>W</colors>
        <manacost>1W</manacost>
        <cmc>2</cmc>
        <type>Enchantment Creature - Spirit Dog </type>
        <maintype>Creature</maintype>
        <pt>2/1</pt>
      </prop>
      <tablerow>2</tablerow>
      <text>Flying
When Enchantment Signal, if you control another enchantment, draw a card.</text>
    </card>
    <card>
      <name>CW05 Catana Crew Curtana</name>
      <set rarity="common"></set>
      <prop>
        <colors>W</colors>
        <manacost>2W</manacost>
        <cmc>3</cmc>
        <type>Artifact - Equipment </type>
        <maintype>Artifact</maintype>
      </prop>
      <tablerow>1</tablerow>
      <text>When Catana Crew Curtana enters, create two 1/1 Cat creature tokens, one white and the other green. Attach Catana Crew Curtana to one of them. 
Equipped creature gets +1/+0.
Equip {1}</text>
    </card>
    <card>
      <name>CW08 Animate Monstrosity</name>
      <set rarity="common"></set>
      <prop>
        <colors>W</colors>
        <manacost>3W</manacost>
        <cmc>4</cmc>
        <type>Instant</type>
        <maintype>Instant</maintype>
      </prop>
      <tablerow>3</tablerow>
      <text>Create a Food token.
Monstrify 2 up to two target non-monstrous creatures or artifacts. (If they’re not creatures, they become a 0/0 Beast. Put two +1/+1 counters on them and they’re now monstrous.)</text>
    </card>
    <card>
      <name>CW07 Centennial Medic</name>
      <set rarity="common"></set>
      <prop>
        <colors>W</colors>
        <manacost>3WW</manacost>
        <cmc>5</cmc>
        <type>Creature - Bird Warlock </type>
        <maintype>Creature</maintype>
        <pt>3/3</pt>
      </prop>
      <tablerow>2</tablerow>
      <text>Flying
When Centennial Medic enters, return target creature with power 2 or less from your graveyard to your hand.
Spectral Spirit 5WW (5WW, Exile this card from your graveyard: Create a token copy that’s a Spirit Bird Warlock and put +1/+1 counters on it until its power is 4. Activate as a sorcery.)</text>
    </card>
    <card>
      <name>CW06 Eagle Zord of Bonds</name>
      <set rarity="common"></set>
      <prop>
        <colors>W</colors>
        <manacost>3W</manacost>
        <cmc>4</cmc>
        <type>Artifact - Vehicle Bird </type>
        <maintype>Artifact</maintype>
      </prop>
      <tablerow>1</tablerow>
      <text>Flying
3W: Eagle Zord of Bonds becomes a creature until end of turn.
Crew 2 (Tap any number of creatures you control with total power 2 or greater: This Vehicle Bird becomes an artifact creature until end of turn.)</text>
    </card>
    <card>
      <name>CW09 Motorbike</name>
      <set rarity="common"></set>
      <prop>
        <colors>W</colors>
        <manacost>2W</manacost>
        <cmc>3</cmc>
        <type>Artifact - Vehicle </type>
        <maintype>Artifact</maintype>
      </prop>
      <tablerow>1</tablerow>
      <text>Vigilance
Crew 1 (Tap any number of creatures you control with total power 1 or greater: This Vehicle becomes an artifact creature until end of turn.)</text>
    </card>
    <card>
      <name>CW10 Small Removal</name>
      <set rarity="common"></set>
      <prop>
        <colors>W</colors>
        <manacost>1W</manacost>
        <cmc>2</cmc>
        <type>Creature - Spirit </type>
        <maintype>Creature</maintype>
        <pt>3/3</pt>
      </prop>
      <tablerow>2</tablerow>
      <text>Bystander (This can’t attack or block.)
When Small Removal enters, it deals 3 damage to target tapped creature you don’t control.</text>
    </card>
    <card>
      <name>CW11 Kekkai Trap</name>
      <set rarity="common"></set>
      <prop>
        <colors>W</colors>
        <manacost>2W</manacost>
        <cmc>3</cmc>
        <type>Enchantment - Aura </type>
        <maintype>Enchantment</maintype>
      </prop>
      <tablerow>1</tablerow>
      <text>Enchant nonland permanent
The enchanted permanent has bystander and can’t activate non-mana abilities. (Bystanders can’t attack or block.)</text>
    </card>
    <card>
      <name>CW12 Large Removal</name>
      <set rarity="common"></set>
      <prop>
        <colors>W</colors>
        <manacost>4W</manacost>
        <cmc>5</cmc>
        <type>Sorcery</type>
        <maintype>Sorcery</maintype>
      </prop>
      <tablerow>3</tablerow>
      <text>Exile target creature. You may return it to the battlefield. If you do, draw a card.</text>
    </card>
    <card>
      <name>CW13 Combat Trick</name>
      <set rarity="common"></set>
      <prop>
        <colors>W</colors>
        <manacost>W</manacost>
        <cmc>1</cmc>
        <type>Creature - Human Citizen </type>
        <maintype>Creature</maintype>
        <pt>1/1</pt>
      </prop>
      <tablerow>2</tablerow>
      <text>Flash
Bystander (This can’t attack or block.)
When Combat Trick enters, choose one —
•  Target creature you control gets +2/+2 until end of turn.
• Return target creature you control to your hand.</text>
    </card>
    <card>
      <name>CW14 Positive Aura</name>
      <set rarity="common"></set>
      <prop>
        <colors>W</colors>
        <manacost>1W</manacost>
        <cmc>2</cmc>
        <type>Enchantment - Aura </type>
        <maintype>Enchantment</maintype>
      </prop>
      <tablerow>1</tablerow>
      <text>Enchant creature
When Positive Aura enters, hush the enchanted creature. (It loses its color and abilities. Abilities granted by auras aren’t removed by hush.)
Enchanted creature gets +0/+2 and can’t be blocked by creatures with greater power.</text>
    </card>
    <card>
      <name>CW15 Team Pump</name>
      <set rarity="common"></set>
      <prop>
        <colors>W</colors>
        <manacost>2WW</manacost>
        <cmc>4</cmc>
        <type>Sorcery</type>
        <maintype>Sorcery</maintype>
      </prop>
      <tablerow>3</tablerow>
      <text>Creatures you control get +2/+1 until end of turn. If you control three or more creatures in your sentai, they get +3/+3 instead. (A sentai is up to one creature of each color.)</text>
    </card>
    <card>
      <name>CW16 Drain Empathy</name>
      <set rarity="common"></set>
      <prop>
        <colors>W</colors>
        <manacost>1W</manacost>
        <cmc>2</cmc>
        <type>Sorcery</type>
        <maintype>Sorcery</maintype>
      </prop>
      <tablerow>3</tablerow>
      <text>Hush target creature. 
Gain 3 life. Draw a card.</text>
    </card>
    <card>
      <name>CU01 Moon Familiar</name>
      <set rarity="common"></set>
      <prop>
        <colors>U</colors>
        <manacost>U</manacost>
        <cmc>1</cmc>
        <type>Enchantment Creature - Cat Advisor </type>
        <maintype>Creature</maintype>
        <pt>1/1</pt>
      </prop>
      <tablerow>2</tablerow>
      <text>Flying
{T}: Add {U}. This mana can’t be spent to cast non-enchantments.</text>
    </card>
    <card>
      <name>CU03 Dream Filled Child</name>
      <set rarity="common"></set>
      <prop>
        <colors>U</colors>
        <manacost>2U</manacost>
        <cmc>3</cmc>
        <type>Creature - Human Citizen </type>
        <maintype>Creature</maintype>
        <pt>0/2</pt>
      </prop>
      <tablerow>2</tablerow>
      <text>Bystander  (This can’t attack or block.)
When Dream Filled Child enters, put the top card of your library into a deep dream. (Put it face down as a 2/2 blue Illusion creature. Treat DFCs as having one side.)
{U}, {T}: Return another target creature you control to your hand. Activate as a sorcery.</text>
    </card>
    <card>
      <name>CU02 Centennial Referee</name>
      <set rarity="common"></set>
      <prop>
        <colors>U</colors>
        <manacost>1U</manacost>
        <cmc>2</cmc>
        <type>Creature - Human Shaman </type>
        <maintype>Creature</maintype>
        <pt>2/1</pt>
      </prop>
      <tablerow>2</tablerow>
      <text>When Centennial Referee enters, create a Barrier token. (Its a colorless 0/3 Enchantment Creature with “{2}: This becomes an Aura with ‘Enchanted creature gets +0/+3’ attached to target creature. Activate as a sorcery.”)</text>
    </card>
    <card>
      <name>CU04 Rogue Shinigami</name>
      <set rarity="common"></set>
      <prop>
        <colors>U</colors>
        <manacost>3U</manacost>
        <cmc>4</cmc>
        <type>Creature - Azra Rogue </type>
        <maintype>Creature</maintype>
        <pt>3/2</pt>
      </prop>
      <tablerow>2</tablerow>
      <text>When Rogue Shinigami enters, hush another target creature. (It loses all colors and abilities.)
Spectral Spirit 3UU (3UU, Exile this card from your graveyard: Create a token copy that’s a Spirit Azra Rogue and put +1/+1 counters on it until its power is 4. Activate as a sorcery.)</text>
    </card>
    <card>
      <name>CU06 Half Creature Vehicle</name>
      <set rarity="common"></set>
      <prop>
        <colors>U</colors>
        <manacost>3U</manacost>
        <cmc>4</cmc>
        <type>Artifact - Vehicle </type>
        <maintype>Artifact</maintype>
      </prop>
      <tablerow>1</tablerow>
      <text>Flying
Crew 2 (Tap any number of creatures you control with total power 2 or greater: This Vehicle becomes an artifact creature until end of turn.)</text>
    </card>
    <card>
      <name>CU07 Half Creature Aura</name>
      <set rarity="common"></set>
      <prop>
        <colors>U</colors>
        <manacost>2U</manacost>
        <cmc>3</cmc>
        <type>Enchantment - Aura </type>
        <maintype>Enchantment</maintype>
      </prop>
      <tablerow>1</tablerow>
      <text>Enchant permanent
If the enchanted permanent isn’t a creature, it becomes one.
Enchanted creature has base power and toughness 3/5 and gets vigilance.</text>
    </card>
    <card>
      <name>CU08 Hard Counter</name>
      <set rarity="common"></set>
      <prop>
        <colors>U</colors>
        <manacost>1U</manacost>
        <cmc>2</cmc>
        <type>Enchantment Creature - Cat Spirit </type>
        <maintype>Creature</maintype>
        <pt>2/2</pt>
      </prop>
      <tablerow>2</tablerow>
      <text>Flash
Bystander (This can’t attack or block.)
When Hard Counter enters, counter target noncreature spell.</text>
    </card>
    <card>
      <name>CU09 Soft Counter (Fall Asleep)</name>
      <set rarity="common"></set>
      <prop>
        <colors>U</colors>
        <manacost>1U</manacost>
        <cmc>2</cmc>
        <type>Instant</type>
        <maintype>Instant</maintype>
      </prop>
      <tablerow>3</tablerow>
      <text>Choose one —
- Counter target spell. Instead of putting it in its owner’s graveyard, put it in a deep dream on the battlefield. (Put it face down as a 2/2 blue Illusion creature. Treat DFCs as having one side.)
- Put target creature into a deep dream or wake it up. (Turn it face up. If its a noncreature, put it in your hand.</text>
    </card>
    <card>
      <name>CU10 Drain Motivation</name>
      <set rarity="common"></set>
      <prop>
        <colors>U</colors>
        <manacost>3U</manacost>
        <cmc>4</cmc>
        <type>Enchantment - Aura </type>
        <maintype>Enchantment</maintype>
      </prop>
      <tablerow>1</tablerow>
      <text>Flash
Enchant creature
When Drain Motivation enters, hush the enchanted creature. (It loses colors and abilities.)
Enchanted creature doesn’t untap during its controller’s untap step.</text>
    </card>
    <card>
      <name>CU11 Draw — Sentai</name>
      <set rarity="common"></set>
      <prop>
        <colors>U</colors>
        <manacost>5UU</manacost>
        <cmc>7</cmc>
        <type>Instant</type>
        <maintype>Instant</maintype>
      </prop>
      <tablerow>3</tablerow>
      <text>This card costs {1} less to cast for each card in your sentai. (A sentai is up to one creature of each color.)
Draw three cards.</text>
    </card>
    <card>
      <name>CU12 Curious Bystander</name>
      <set rarity="common"></set>
      <prop>
        <colors>U</colors>
        <manacost>U</manacost>
        <cmc>1</cmc>
        <type>Creature - Human Citizen </type>
        <maintype>Creature</maintype>
        <pt>1/3</pt>
      </prop>
      <tablerow>2</tablerow>
      <text>Bystander (This can’t attack or block.)
When Curious Bystander enters or leaves the battlefield, scry 1, then create a Clue token.</text>
    </card>
    <card>
      <name>CU13 Bounce (Run Away Together)</name>
      <set rarity="common"></set>
      <prop>
        <colors>U</colors>
        <manacost>1U</manacost>
        <cmc>2</cmc>
        <type>Instant</type>
        <maintype>Instant</maintype>
      </prop>
      <tablerow>3</tablerow>
      <text>Return target creature you control and target creature you don’t control to their owner’s hands.</text>
    </card>
    <card>
      <name>CU14 Lunar Transformation</name>
      <set rarity="common"></set>
      <prop>
        <colors>U</colors>
        <manacost>2UU</manacost>
        <cmc>4</cmc>
        <type>Enchantment - Aura </type>
        <maintype>Enchantment</maintype>
      </prop>
      <tablerow>1</tablerow>
      <text>Flash
Enchant creature
When Lunar Transformation enters, the enchanted creature has hexproof until end of turn.
The enchanted creature is Blue in addition to its other colors gets +2/+2 and has ward {2}.</text>
    </card>
    <card>
      <name>CU15 Disruption</name>
      <set rarity="common"></set>
      <prop>
        <colors>U</colors>
        <manacost>U</manacost>
        <cmc>1</cmc>
        <type>Enchantment Creature - Elemental Spirit </type>
        <maintype>Creature</maintype>
        <pt>2/1</pt>
      </prop>
      <tablerow>2</tablerow>
      <text>Flash
Bystander  (This can’t attack or block.)
When Disruption enters, attacking creatures get -X/-0, where X is the number of Spirits you control.</text>
    </card>
    <card>
      <name>CU16 Drain Curiousity</name>
      <set rarity="common"></set>
      <prop>
        <colors>U</colors>
        <manacost>U</manacost>
        <cmc>1</cmc>
        <type>Sorcery</type>
        <maintype>Sorcery</maintype>
      </prop>
      <tablerow>3</tablerow>
      <text>Hush target creature. When you do, scry 1, then draw a card. (It loses all colors and abilities)</text>
    </card>
    <card>
      <name>CB01 Centennial Conductor</name>
      <set rarity="common"></set>
      <prop>
        <colors>B</colors>
        <manacost>B</manacost>
        <cmc>1</cmc>
        <type>Creature - Dragon Warlock </type>
        <maintype>Creature</maintype>
        <pt>1/2</pt>
      </prop>
      <tablerow>2</tablerow>
      <text>Lifelink
Spectral Spirit 4BB (4BB, Exile this card from your graveyard: Create a token copy that’s a Spirit Dragon Warlock and put +1/+1 counters on it until its power is 4. Activate as a sorcery.)</text>
    </card>
    <card>
      <name>CB02 Iroishi Starlett</name>
      <set rarity="common"></set>
      <prop>
        <colors>B</colors>
        <manacost>1B</manacost>
        <cmc>2</cmc>
        <type>Creature - Human Bard </type>
        <maintype>Creature</maintype>
        <pt>2/1</pt>
      </prop>
      <tablerow>2</tablerow>
      <text>Whenever Iroishi Starlett attacks, surveil 1. (Look at the top card of your library. You may put that card into your graveyard.)</text>
    </card>
    <card>
      <name>CB03 Open Your Nightmares</name>
      <set rarity="common"></set>
      <prop>
        <colors>B</colors>
        <manacost>1B</manacost>
        <cmc>2</cmc>
        <type>Sorcery</type>
        <maintype>Sorcery</maintype>
      </prop>
      <tablerow>3</tablerow>
      <text>Mill 3, then put a card from among them on the battlefield in a disturbed dream state. (Its a facedown black Nightmare creature.)</text>
    </card>
    <card>
      <name>CB04 Wish Granter</name>
      <set rarity="common"></set>
      <prop>
        <colors>B</colors>
        <manacost>2B</manacost>
        <cmc>3</cmc>
        <type>Creature - Cat Spirit </type>
        <maintype>Creature</maintype>
        <pt>1/1</pt>
      </prop>
      <tablerow>2</tablerow>
      <text>Flying
When Wish Granter enters, monstrify 2 another target creature you control. (If it isn’t monstrous, put two +1/+1 counters on it and its now monstrous.)</text>
    </card>
    <card>
      <name>CB05 Nightmare Caster</name>
      <set rarity="common"></set>
      <prop>
        <colors>B</colors>
        <manacost>3B</manacost>
        <cmc>4</cmc>
        <type>Creature - Cat Wizard </type>
        <maintype>Creature</maintype>
        <pt>2/3</pt>
      </prop>
      <tablerow>2</tablerow>
      <text>When Nightmare Caster enters, put target creature you control or the top card of your library onto the battlefield into a disturbed dream. (Its a face down 2/2 black Nightmare creature.)</text>
    </card>
    <card>
      <name>CB06 Joumon Moon Fox</name>
      <set rarity="common"></set>
      <prop>
        <colors>B</colors>
        <manacost>4B</manacost>
        <cmc>5</cmc>
        <type>Creature - Fox Beast </type>
        <maintype>Creature</maintype>
        <pt>4/3</pt>
      </prop>
      <tablerow>2</tablerow>
      <text>Flash
At the beginning of your end step, if a creature died this turn and Joumon Moon Fox isn’t monstrous, monstrify 2 it. (Put two +1/+1/ counters on it and its monstrous)</text>
    </card>
    <card>
      <name>CB07 Half Creature (Vehicle)</name>
      <set rarity="common"></set>
      <prop>
        <colors>B</colors>
        <manacost>1B</manacost>
        <cmc>2</cmc>
        <type>Artifact - Vehicle </type>
        <maintype>Artifact</maintype>
      </prop>
      <tablerow>1</tablerow>
      <text>Menace</text>
    </card>
    <card>
      <name>CB08 Removal (Finishing Blow)</name>
      <set rarity="common"></set>
      <prop>
        <colors>B</colors>
        <manacost>4B</manacost>
        <cmc>5</cmc>
        <type>Instant</type>
        <maintype>Instant</maintype>
      </prop>
      <tablerow>3</tablerow>
      <text>Destroy target creature or planeswalker.</text>
    </card>
    <card>
      <name>CB09 Smol Rem (Drain Ego)</name>
      <set rarity="common"></set>
      <prop>
        <colors>B</colors>
        <manacost>1B</manacost>
        <cmc>2</cmc>
        <type>Instant</type>
        <maintype>Instant</maintype>
      </prop>
      <tablerow>3</tablerow>
      <text>Hush target creature. Smol Rem (Drain Ego) deals 2 damage to it and you gain 2 life.</text>
    </card>
    <card>
      <name>CB10 Rem EdictCondition</name>
      <set rarity="common"></set>
      <prop>
        <colors>B</colors>
        <manacost>1B</manacost>
        <cmc>2</cmc>
        <type>Creature - Spirit </type>
        <maintype>Creature</maintype>
        <pt>3/3</pt>
      </prop>
      <tablerow>2</tablerow>
      <text>Bystander (This can’t attack or block.)
When Rem EdictCondition enters, each player sacrifices a creature.</text>
    </card>
    <card>
      <name>CB11 Rem Limited</name>
      <set rarity="common"></set>
      <prop>
        <colors>B</colors>
        <manacost>2B</manacost>
        <cmc>3</cmc>
        <type>Sorcery</type>
        <maintype>Sorcery</maintype>
      </prop>
      <tablerow>3</tablerow>
      <text>Target creature gets -X/-X, where X is the number of creatures in your sentai. (A sentai is up to one creature of each color.)</text>
    </card>
    <card>
      <name>CB12 Card Draw</name>
      <set rarity="common"></set>
      <prop>
        <colors>B</colors>
        <manacost>1B</manacost>
        <cmc>2</cmc>
        <type>Creature - Vampire Citizen </type>
        <maintype>Creature</maintype>
        <pt>2/2</pt>
      </prop>
      <tablerow>2</tablerow>
      <text>Bystander (This can’t attack or block.)
When Card Draw enters or dies, you draw a card and you lose 1 life.</text>
    </card>
    <card>
      <name>CB13 Return Gyard</name>
      <set rarity="common"></set>
      <prop>
        <colors>B</colors>
        <manacost>4B</manacost>
        <cmc>5</cmc>
        <type>Sorcery</type>
        <maintype>Sorcery</maintype>
      </prop>
      <tablerow>3</tablerow>
      <text>This spell costs {1} less for each creature in your sentai. (Your sentai is up to one creature of each color.)
Return up to two target creatures from your graveyard to your hand.</text>
    </card>
    <card>
      <name>CB14 Discard (Deliquents)</name>
      <set rarity="common"></set>
      <prop>
        <colors>B</colors>
        <manacost>2B</manacost>
        <cmc>3</cmc>
        <type>Creature - Azra Snake Citizen </type>
        <maintype>Creature</maintype>
        <pt>3/2</pt>
      </prop>
      <tablerow>2</tablerow>
      <text>Bystander (This can’t attack or block.)
When Discard (Deliquents) enters, target opponent discards two cards.</text>
    </card>
    <card>
      <name>CB15 Aura or Trick</name>
      <set rarity="common"></set>
      <prop>
        <colors>B</colors>
        <manacost>2B</manacost>
        <cmc>3</cmc>
        <type>Enchantment - Aura </type>
        <maintype>Enchantment</maintype>
      </prop>
      <tablerow>1</tablerow>
      <text>Flash
Enchant creature
When enchanted creature dies, return it to the battlefield and monstrify 2 it. (Put two +1/+1 counters on it and its now monstrous.)</text>
    </card>
    <card>
      <name>CB16 Anything (Undercity Scrounger)</name>
      <set rarity="common"></set>
      <prop>
        <colors>B</colors>
        <manacost>2B</manacost>
        <cmc>3</cmc>
        <type>Creature - Rogue </type>
        <maintype>Creature</maintype>
        <pt></pt>
      </prop>
      <tablerow>2</tablerow>
      <text>Bystander (This can’t attack or block.)
{T}: Create a treasure token. Activate this ability only if a creature died this turn.</text>
    </card>
    <card>
      <name>CR03 Parkour Pathfinder</name>
      <set rarity="common"></set>
      <prop>
        <colors>R</colors>
        <manacost>1R</manacost>
        <cmc>2</cmc>
        <type>Creature - Rabbit Citizen </type>
        <maintype>Creature</maintype>
        <pt>3/1</pt>
      </prop>
      <tablerow>2</tablerow>
      <text>Reach</text>
    </card>
    <card>
      <name>CR02 Shape the Seed</name>
      <set rarity="common"></set>
      <prop>
        <colors>R</colors>
        <manacost>1R</manacost>
        <cmc>2</cmc>
        <type>Sorcery</type>
        <maintype>Sorcery</maintype>
      </prop>
      <tablerow>3</tablerow>
      <text>Search your library for a Mountain card and put it into your hand. Shuffle.
Monstrify 2 target land, creature or artifact that isn’t monstrous. (If its not a creature, its a 0/0 Beast. Put two +1/+1 counters on it and its now monstrous.)</text>
    </card>
    <card>
      <name>CR01 Catnapping Youth</name>
      <set rarity="common"></set>
      <prop>
        <colors>R</colors>
        <manacost>R</manacost>
        <cmc>1</cmc>
        <type>Creature - Human Citizen </type>
        <maintype>Creature</maintype>
        <pt>1/1</pt>
      </prop>
      <tablerow>2</tablerow>
      <text>When Catnapping Youth enters, put the top card of your library on the battlefield in a lucid dream. It has haste. Sacrifice it at the end of turn. (Its face down as a 2/2 red Incarnation.)</text>
    </card>
    <card>
      <name>CR04 Centennial Custodian</name>
      <set rarity="common"></set>
      <prop>
        <colors>R</colors>
        <manacost>2R</manacost>
        <cmc>3</cmc>
        <type>Creature - Ox Shaman </type>
        <maintype>Creature</maintype>
        <pt>3/2</pt>
      </prop>
      <tablerow>2</tablerow>
      <text>Whenever Centennial Custodian attacks, create a Treasure token.</text>
    </card>
    <card>
      <name>CR07 Speedbike</name>
      <set rarity="common"></set>
      <prop>
        <colors>R</colors>
        <manacost>1R</manacost>
        <cmc>2</cmc>
        <type>Artifact - Vehicle </type>
        <maintype>Artifact</maintype>
      </prop>
      <tablerow>1</tablerow>
      <text>Haste
Speedbike can only be blocked by other creatures with haste.
Crew 1 (Tap any number of creatures you control with total power 1 or greater: This Vehicle becomes an artifact creature until end of turn.)</text>
    </card>
    <card>
      <name>CR06  Raging Daymare</name>
      <set rarity="common"></set>
      <prop>
        <colors>R</colors>
        <manacost>4R</manacost>
        <cmc>5</cmc>
        <type>Creature - Incarnation </type>
        <maintype>Creature</maintype>
        <pt>3/3</pt>
      </prop>
      <tablerow>2</tablerow>
      <text>When Raging Daymare enters, each player sacrifices a creature. When you do, create a 2/2 black Nightmare creature token.</text>
    </card>
    <card>
      <name>CR05 Tiger Zord of Passion</name>
      <set rarity="common"></set>
      <prop>
        <colors>R</colors>
        <manacost>3R</manacost>
        <cmc>4</cmc>
        <type>Artifact - Vehicle </type>
        <maintype>Artifact</maintype>
      </prop>
      <tablerow>1</tablerow>
      <text>Menace
3RR: Tiger Zord of Passion becomes an artifact creature until end of turn.
Crew 2 (Tap any number of creatures you control with total power 2 or greater: This Vehicle becomes an artifact creature until end of turn.)</text>
    </card>
    <card>
      <name>CR08 Efficient Direct DMG</name>
      <set rarity="common"></set>
      <prop>
        <colors>R</colors>
        <manacost>R</manacost>
        <cmc>1</cmc>
        <type>Instant</type>
        <maintype>Instant</maintype>
      </prop>
      <tablerow>3</tablerow>
      <text>As an additional cost to cast Efficient Direct DMG, sacrifice a permanent or pay {2}.
Efficient Direct DMG deals 3 damage to any target.</text>
    </card>
    <card>
      <name>CR09 Direct Damage</name>
      <set rarity="common"></set>
      <prop>
        <colors>R</colors>
        <manacost>4R</manacost>
        <cmc>5</cmc>
        <type>Sorcery</type>
        <maintype>Sorcery</maintype>
      </prop>
      <tablerow>3</tablerow>
      <text>Choose one — 
• Direct Damage deals 5 damage to target creature or planeswalker.
• Destroy target artifact or land.</text>
    </card>
    <card>
      <name>CR10 Steal Ineff Dmg</name>
      <set rarity="common"></set>
      <prop>
        <colors>R</colors>
        <manacost>2R</manacost>
        <cmc>3</cmc>
        <type>Insant</type>
        <maintype>Insant</maintype>
      </prop>
      <tablerow>1</tablerow>
      <text>As an additional cost to cast Steal Ineff Dmg, return a creature you control to its owner’s hand.
Steal Ineff Dmg deals 4 damage to any target.</text>
    </card>
    <card>
      <name>CR12 Cantrip, Draw</name>
      <set rarity="common"></set>
      <prop>
        <colors>R</colors>
        <manacost>R</manacost>
        <cmc>1</cmc>
        <type>Creature - Elk Citizen </type>
        <maintype>Creature</maintype>
        <pt>1/3</pt>
      </prop>
      <tablerow>2</tablerow>
      <text>Bystander (This can’t attack or block.)
When Cantrip, Draw enters or leaves the battlefield, discard a card.  When you do, draw a card.</text>
    </card>
    <card>
      <name>CR13 Aura, Equip</name>
      <set rarity="common"></set>
      <prop>
        <colors>R</colors>
        <manacost>1R</manacost>
        <cmc>2</cmc>
        <type>Enchantment - Aura </type>
        <maintype>Enchantment</maintype>
      </prop>
      <tablerow>1</tablerow>
      <text>When Aura, Equip enters, put the enchanted creature into a disturbed dream. (Its a face down black 2/2 Nightmare creature.)
Enchant creature
The enchanted creature gets +2/+0 and attacks each turn if able. </text>
    </card>
    <card>
      <name>CR14 Combat Trick</name>
      <set rarity="common"></set>
      <prop>
        <colors>R</colors>
        <manacost>1R</manacost>
        <cmc>2</cmc>
        <type>Instant</type>
        <maintype>Instant</maintype>
      </prop>
      <tablerow>3</tablerow>
      <text>Target creature gets +3/+0 and first strike until end of turn.</text>
    </card>
    <card>
      <name>CR15 Fight</name>
      <set rarity="common"></set>
      <prop>
        <colors>R</colors>
        <manacost>1R</manacost>
        <cmc>2</cmc>
        <type>Sorcery</type>
        <maintype>Sorcery</maintype>
      </prop>
      <tablerow>3</tablerow>
      <text>Target creature you control fights target creature you don’t control.</text>
    </card>
    <card>
      <name>CR16 Drain Inspiration</name>
      <set rarity="common"></set>
      <prop>
        <colors>R</colors>
        <manacost>R</manacost>
        <cmc>1</cmc>
        <type>Sorcery</type>
        <maintype>Sorcery</maintype>
      </prop>
      <tablerow>3</tablerow>
      <text>Hush target creature. When you do, add RR. (It loses all colors and abilities.)</text>
    </card>
    <card>
      <name>CG01 Joumon Trainer</name>
      <set rarity="common" splitterPath="/CG01 Joumon Trainer.jpg" ></set>
      <prop>
        <colors>G</colors>
        <manacost>G</manacost>
        <cmc>1</cmc>
        <type>Creature - Cat Citizen </type>
        <maintype>Creature</maintype>
        <pt>0/1</pt>
      </prop>
      <tablerow>2</tablerow>
      <text>Bystander  (This can’t attack or block.)
When Joumon Trainer enters, create a 1/1 red Beast creature token with haste.
4GG: Transform Joumon Trainer. This ability costs {1} less for each counter among permanents you control. Activate as a sorcery.
---
(Back): Bonded Summoner</text>
      <related attach="transform">Bonded Summoner</related>
    </card>
    <card>
      <name>Bonded Summoner</name>
      <set rarity="common" splitterPath="/Bonded Summoner.jpg" ></set>
      <prop>
        <colors>G</colors>
        <manacost></manacost>
        <cmc>1</cmc>
        <type>Creature - Cat Mystic </type>
        <pt>2/2</pt>
      </prop>
      <tablerow>2</tablerow>
      <text>Vigilance
When Bonded Summoner transforms, put +1/+1 counters on it equal to the total number of counters among creatures you control.
---
(Front): CG01 Joumon Trainer</text>
      <related attach="transform">CG01 Joumon Trainer</related>
    </card>
    <card>
      <name>CG02 Joumon Florauna</name>
      <set rarity="common"></set>
      <prop>
        <colors>G</colors>
        <manacost>1G</manacost>
        <cmc>2</cmc>
        <type>Creature - Plant Beast </type>
        <maintype>Creature</maintype>
        <pt>2/2</pt>
      </prop>
      <tablerow>2</tablerow>
      <text>Deathtouch
When Joumon Florauna deals combat damage to player, if its not monstrous, monstrify 1 it. (Put a +1/+1 counters on it and its monstrous.)</text>
    </card>
    <card>
      <name>CG03 Monstrifier</name>
      <set rarity="common"></set>
      <prop>
        <colors>G</colors>
        <manacost>2G</manacost>
        <cmc>3</cmc>
        <type>Creature - Human Druid </type>
        <maintype>Creature</maintype>
        <pt>1/1</pt>
      </prop>
      <tablerow>2</tablerow>
      <text>When Monstrifier enters, monstrify 2 target artifact, creature or land you control that isn’t monstrous. (If it wasn’t a creature, its a 0/0 Beast. Put two +1/+1 counters on it and its monstrous.)</text>
    </card>
    <card>
      <name>CG04 Talking Shield</name>
      <set rarity="common"></set>
      <prop>
        <colors>G</colors>
        <manacost>2G</manacost>
        <cmc>3</cmc>
        <type>Artifact - Equipment </type>
        <maintype>Artifact</maintype>
      </prop>
      <tablerow>1</tablerow>
      <text>Ward {2}  (Whenever this permanent becomes the target of a spell or ability an opponent controls, counter it unless that player pays {2}.)
2G: Talking Shield becomes a 2/3 creature until end of turn.
Equipped creature gets +2/+3 and ward {2}.
Equip {2}</text>
    </card>
    <card>
      <name>CG05 Iroishi Dryad</name>
      <set rarity="common"></set>
      <prop>
        <colors>G</colors>
        <manacost>3G</manacost>
        <cmc>4</cmc>
        <type>Enchantment Creature - Spirit Dryad </type>
        <maintype>Creature</maintype>
        <pt>2/4</pt>
      </prop>
      <tablerow>2</tablerow>
      <text>Reach
{T}: Add one mana of any color.
{T}: Untap target land.</text>
    </card>
    <card>
      <name>CG06 Enchantment Signal</name>
      <set rarity="common"></set>
      <prop>
        <colors>G</colors>
        <manacost>3G</manacost>
        <cmc>4</cmc>
        <type>Creature - Azra Shaman </type>
        <maintype>Creature</maintype>
        <pt>3/3</pt>
      </prop>
      <tablerow>2</tablerow>
      <text>Whenever an enchantment enters under your control, gain 2 life. </text>
    </card>
    <card>
      <name>CG07 Equip Signal</name>
      <set rarity="common"></set>
      <prop>
        <colors>G</colors>
        <manacost>4G</manacost>
        <cmc>5</cmc>
        <type>Creature - Crocodile Warrior </type>
        <maintype>Creature</maintype>
        <pt>4/4</pt>
      </prop>
      <tablerow>2</tablerow>
      <text>As long as Equip Signal is equipped, it can’t be blocked by creatures power 2 or less. </text>
    </card>
    <card>
      <name>CG08 Dreadmaw Zord of Legends</name>
      <set rarity="common"></set>
      <prop>
        <colors>G</colors>
        <manacost>3G</manacost>
        <cmc>4</cmc>
        <type>Artifact - Vehicle Dinosaur </type>
        <maintype>Artifact</maintype>
      </prop>
      <tablerow>1</tablerow>
      <text>Trample
4GG: Dreadmaw Zord of Legends becomes an artifact creature until end of turn.
Crew 3</text>
    </card>
    <card>
      <name>CG09 FiteBite (Ranged Mace)</name>
      <set rarity="common"></set>
      <prop>
        <colors>G</colors>
        <manacost>4G</manacost>
        <cmc>5</cmc>
        <type>Artifact - Equipment </type>
        <maintype>Artifact</maintype>
      </prop>
      <tablerow>1</tablerow>
      <text>When FiteBite (Ranged Mace) enters, attach it to target creature you control. Then the equipped creature deals its power in damage to target creature you don’t control.
Equipped creature gets +2/+2.
Equip {3}</text>
    </card>
    <card>
      <name>CG10 Make My Monster Grow</name>
      <set rarity="common"></set>
      <prop>
        <colors>G</colors>
        <manacost>2G</manacost>
        <cmc>3</cmc>
        <type>Instant</type>
        <maintype>Instant</maintype>
      </prop>
      <tablerow>3</tablerow>
      <text>Monstrify 2 target creature, land or artifact. Then if it was already monstrous, it also gains trample until end of turn. (If it wasn’t a creature, it becomes a 0/0 Beast. Put two +1/+1 counters on it and its monstrous.)</text>
    </card>
    <card>
      <name>CG11 Combat Trick (Possessed Relic)</name>
      <set rarity="common"></set>
      <prop>
        <colors>G</colors>
        <manacost>3G</manacost>
        <cmc>4</cmc>
        <type>Enchantment Artifact Creature - Spirit Fox </type>
        <maintype>Creature</maintype>
        <pt>3/3</pt>
      </prop>
      <tablerow>2</tablerow>
      <text>Bystander  (This can’t attack or block.)
When Combat Trick (Possessed Relic) enters the battlefield, target creature you control gets +4/+4 until end of turn. Another target creature must block this turn if able.</text>
    </card>
    <card>
      <name>CG12 Adventures in Joumon</name>
      <set rarity="common"></set>
      <prop>
        <colors>G</colors>
        <manacost>G</manacost>
        <cmc>1</cmc>
        <type>Sorcery</type>
        <maintype>Sorcery</maintype>
      </prop>
      <tablerow>3</tablerow>
      <text>Look at the top four cards of your library. Reveal a land and/or creature card. Put those cards on top of your library in any order, then the rest in your graveyard. Create a clue token.</text>
    </card>
    <card>
      <name>CG13 Green Moon&apos;s Blessing</name>
      <set rarity="common"></set>
      <prop>
        <colors>G</colors>
        <manacost>1G</manacost>
        <cmc>2</cmc>
        <type>Enchantment - Aura </type>
        <maintype>Enchantment</maintype>
      </prop>
      <tablerow>1</tablerow>
      <text>Enchant creature
Enchanted creature gets +1/+3, reach and “{T}: Add one mana of any color. Spend this mana only to cast creatures spells.”</text>
    </card>
    <card>
      <name>CG14 Any (Strength of Diversity)</name>
      <set rarity="common"></set>
      <prop>
        <colors>G</colors>
        <manacost>G</manacost>
        <cmc>1</cmc>
        <type>Sorcery</type>
        <maintype>Sorcery</maintype>
      </prop>
      <tablerow>3</tablerow>
      <text>Choose target creature you control. Put a +1/+1 counter on it for each member of your sentai. (A sentai is up to one creature of each color.)</text>
    </card>
    <card>
      <name>CG15 Field Researcher</name>
      <set rarity="common"></set>
      <prop>
        <colors>G</colors>
        <manacost>2G</manacost>
        <cmc>3</cmc>
        <type>Creature - Human Advisor </type>
        <maintype>Creature</maintype>
        <pt>2/1</pt>
      </prop>
      <tablerow>2</tablerow>
      <text>Bystander (This can’t attack or block.)
When Field Researcher enters, search your library for a basic land card and put it onto the battlefield tapped. Shuffle.</text>
    </card>
    <card>
      <name>CG16 Drain Wonder</name>
      <set rarity="common"></set>
      <prop>
        <colors>G</colors>
        <manacost>G</manacost>
        <cmc>1</cmc>
        <type>Sorcery</type>
        <maintype>Sorcery</maintype>
      </prop>
      <tablerow>3</tablerow>
      <text>Hush target artifact, enchantment, or creature with flying. Put a +1/+1 counter on a creature you control. (It loses all colors and abilities.)</text>
    </card>
    <card>
      <name>CZ08 Nightmare Reaper</name>
      <set rarity="common"></set>
      <prop>
        <colors>BR</colors>
        <manacost>1R/B</manacost>
        <cmc>2</cmc>
        <type>Creature - Nightmare </type>
        <maintype>Creature</maintype>
        <pt>4/2</pt>
      </prop>
      <tablerow>2</tablerow>
      <text>Haste
At your end step, sacrifice a creature.</text>
    </card>
    <card>
      <name>CZ03 Moon Monster Summoning</name>
      <set rarity="common"></set>
      <prop>
        <colors>UG</colors>
        <manacost>4U/GU/G</manacost>
        <cmc>6</cmc>
        <type>Sorcery</type>
        <maintype>Sorcery</maintype>
      </prop>
      <tablerow>3</tablerow>
      <text>Create a 0/0 blue and green Spirit enchantment creature token with six +1/+1 counters on it.</text>
    </card>
    <card>
      <name>CZ01 Fox Zord of Loyalty</name>
      <set rarity="common"></set>
      <prop>
        <colors>WR</colors>
        <manacost>W/R</manacost>
        <cmc>1</cmc>
        <type>Artifact - Vehicle Fox </type>
        <maintype>Artifact</maintype>
      </prop>
      <tablerow>1</tablerow>
      <text>First strike
1R/W: Fox Zord of Loyalty becomes a creature until end of turn. Activate as a Sorcery.
Crew 1 (Tap any number of creatures you control with total power 1 or greater: This Vehicle Fox becomes an artifact creature until end of turn.)</text>
    </card>
    <card>
      <name>CZ09 Inner Monster&apos;s Release</name>
      <set rarity="common"></set>
      <prop>
        <colors>BG</colors>
        <manacost>2G/B</manacost>
        <cmc>3</cmc>
        <type>Enchantment - Aura </type>
        <maintype>Enchantment</maintype>
      </prop>
      <tablerow>1</tablerow>
      <text>When Inner Monster’s Release enters, monstrify 1 the enchanted creature. (Put a +1/+1 counter on it. Its now monstrous.)
Enchant creature
Whenever enchanted creature attacks, put a +1/+1 counter on it. </text>
    </card>
    <card>
      <name>CZ07 Dream Witch&apos;s Attack</name>
      <set rarity="common"></set>
      <prop>
        <colors>UR</colors>
        <manacost>4R/UR/U</manacost>
        <cmc>6</cmc>
        <type>Sorcery</type>
        <maintype>Sorcery</maintype>
      </prop>
      <tablerow>3</tablerow>
      <text>Put the top three cards of your library into any dream. (Put them face down as a 2/2 creature of your choice of blue Illusion, red Incarnation or black Nightmare.)
U/RU/R, Discard this card: Put target creature you control into a lucid dream state. (Turn it face down as a 2/2 red Incarnation.)</text>
    </card>
    <card>
      <name>CZ05 Cat Familiar</name>
      <set rarity="common"></set>
      <prop>
        <colors>WB</colors>
        <manacost>1B/W</manacost>
        <cmc>2</cmc>
        <type>Enchantment Creature - Cat Spirit </type>
        <maintype>Creature</maintype>
        <pt>2/2</pt>
      </prop>
      <tablerow>2</tablerow>
      <text>Bystander (This can’t attack or block.)
When Cat Familiar enters or leaves the battlefield, target player exiles a card from their hand. They can cast that spell for an additional {2}.</text>
    </card>
    <card>
      <name>CZ02 Artificer&apos;s Hammer</name>
      <set rarity="common"></set>
      <prop>
        <colors>WG</colors>
        <manacost>2W/G</manacost>
        <cmc>3</cmc>
        <type>Artifact - Equipment </type>
        <maintype>Artifact</maintype>
      </prop>
      <tablerow>1</tablerow>
      <text>When Artificer’s Hammer enters, create a 1/1 green and white Artificer creature token and attach Artificer’s Hammer to it.
Equipped creature gets +2/+0 and “{3}, Sacrifice this equipment: Destroy target artifact or enchantment.”
Equip {3}</text>
    </card>
    <card>
      <name>CZ06 Shinigami Diviner</name>
      <set rarity="common"></set>
      <prop>
        <colors>UB</colors>
        <manacost>3B/U</manacost>
        <cmc>4</cmc>
        <type>Creature - Azra Warlock </type>
        <maintype>Creature</maintype>
        <pt>2/4</pt>
      </prop>
      <tablerow>2</tablerow>
      <text>When Shinigami Diviner enters, draw a card, then discard a card or hush a creature you control.</text>
    </card>
    <card>
      <name>CL05 Gateway to the Jungle</name>
      <set rarity="common"></set>
      <prop>
        <colors></colors>
        <manacost></manacost>
        <cmc>0</cmc>
        <type>Land - Gate </type>
        <maintype>Land</maintype>
      </prop>
      <tablerow>0</tablerow>
      <text>Gateway to the Jungle enters tapped.
{T}: Add {G}.
{1}, {T}: Add {B} or {R}.</text>
    </card>
    <card>
      <name>CL04 Gateway to Slumber</name>
      <set rarity="common"></set>
      <prop>
        <colors></colors>
        <manacost></manacost>
        <cmc>0</cmc>
        <type>Land - Gate </type>
        <maintype>Land</maintype>
      </prop>
      <tablerow>0</tablerow>
      <text>Gateway to Slumber enters tapped.
{T}: Add {R}.
{1}, {T}: Add {U} or {B}.</text>
    </card>
    <card>
      <name>CL03 Gateway to the Horizon</name>
      <set rarity="common"></set>
      <prop>
        <colors></colors>
        <manacost></manacost>
        <cmc>0</cmc>
        <type>Land - Gate </type>
        <maintype>Land</maintype>
      </prop>
      <tablerow>0</tablerow>
      <text>Gateway to the Horizon enters tapped.
{T}: Add {B}.
{1}, {T}: Add {W} or {U}.</text>
    </card>
    <card>
      <name>CL02 Gateway to the Heavens</name>
      <set rarity="common"></set>
      <prop>
        <colors></colors>
        <manacost></manacost>
        <cmc>0</cmc>
        <type>Land - Gate </type>
        <maintype>Land</maintype>
      </prop>
      <tablerow>0</tablerow>
      <text>Gateway to the Heavens enters tapped.
{T}: Add {U}.
{1}, {T}: Add {G} or {W}.</text>
    </card>
    <card>
      <name>CL01 Gateway of Bridges</name>
      <set rarity="common"></set>
      <prop>
        <colors></colors>
        <manacost></manacost>
        <cmc>0</cmc>
        <type>Land - Gate </type>
        <maintype>Land</maintype>
      </prop>
      <tablerow>0</tablerow>
      <text>Gateway of Bridges enters tapped.
{T}: Add {W}.
{1}, {T}: Add {R} or {G}.</text>
    </card>
    <card>
      <name>UL01 Manor of Marvels</name>
      <set rarity="uncommon"></set>
      <prop>
        <colors></colors>
        <manacost></manacost>
        <cmc>0</cmc>
        <type>Land - Demiplane </type>
        <maintype>Land</maintype>
      </prop>
      <tablerow>0</tablerow>
      <text>Manor of Marvels enters tapped.
{T}: Add {W}, {R}, or {G}. 
4W, {T}, Sacrifice Manor of Marvels: Search your library and/or graveyard for a legendary white card. Reveal and put it into your hand. Shuffle.</text>
    </card>
    <card>
      <name>UL02 Kingdom of the Moons</name>
      <set rarity="uncommon"></set>
      <prop>
        <colors></colors>
        <manacost></manacost>
        <cmc>0</cmc>
        <type>Land - Demiplane </type>
        <maintype>Land</maintype>
      </prop>
      <tablerow>0</tablerow>
      <text>Kingdom of the Moons enters tapped.
{T}: Add {U}, {W}, or {G}.
4U, {T}, Sacrifice Kingdom of the Moons: Search your library and/or graveyard for a legendary blue card. Reveal and put it into your hand. Shuffle. </text>
    </card>
    <card>
      <name>UL03 Realm of the Spirits</name>
      <set rarity="uncommon"></set>
      <prop>
        <colors></colors>
        <manacost></manacost>
        <cmc>0</cmc>
        <type>Land - Demiplane </type>
        <maintype>Land</maintype>
      </prop>
      <tablerow>0</tablerow>
      <text>Realm of the Spirits enters tapped.
{T}: Add {B}, {W}, or {U}.
4B, {T}, Sacrifice Realm of the Spirits: Search your library and/or graveyard for a legendary black card. Reveal and put it into your hand. Shuffle.</text>
    </card>
    <card>
      <name>UL04 The Dreamscape</name>
      <set rarity="uncommon"></set>
      <prop>
        <colors></colors>
        <manacost></manacost>
        <cmc>0</cmc>
        <type>Land - Demiplane </type>
        <maintype>Land</maintype>
      </prop>
      <tablerow>0</tablerow>
      <text>The Dreamscape enters tapped.
{T}: Add {R}, {U}, or {B}.
4R, {T}, Sacrifice The Dreamscape: Search your library and/or graveyard for a legendary red card. Reveal and put it into your hand. Shuffle.</text>
    </card>
    <card>
      <name>UL05 Joumon Jungle</name>
      <set rarity="uncommon"></set>
      <prop>
        <colors></colors>
        <manacost></manacost>
        <cmc>0</cmc>
        <type>Land - Demiplane </type>
        <maintype>Land</maintype>
      </prop>
      <tablerow>0</tablerow>
      <text>Joumon Jungle enters tapped.
{T}: Add {G}, {B}, or {R}.
4G, {T}, Sacrifice Joumon Jungle: Search your library and/or graveyard for a legendary green card. Reveal and put it into your hand. Shuffle.</text>
    </card>
    <card>
      <name>CA02 Sapentia&apos;s Vanguard</name>
      <set rarity="common"></set>
      <prop>
        <colors></colors>
        <manacost>2</manacost>
        <cmc>2</cmc>
        <type>Creature - Azra Warrior </type>
        <maintype>Creature</maintype>
        <pt>2/1</pt>
      </prop>
      <tablerow>2</tablerow>
      <text></text>
    </card>
    <card>
      <name>UM06 NAME, Spirit Agitator</name>
      <set rarity="uncommon"></set>
      <prop>
        <colors>UB</colors>
        <manacost>1BU</manacost>
        <cmc>3</cmc>
        <type>Legendary Creature - Azra Warlock </type>
        <maintype>Creature</maintype>
        <pt>3/2</pt>
      </prop>
      <tablerow>2</tablerow>
      <text>At the beginning of combat on your turn, hush target non-colorless creature. When you do draw a card.
Spectral Spirit 2UB (2UB, Exile this card from your graveyard: Create a token copy that’s a Spirit Azra Warlock and put +1/+1 counters on it until its power is 4. Activate as a sorcery.)</text>
    </card>
    <card>
      <name>UM08 NAME, Never Asleep</name>
      <set rarity="uncommon" splitterPath="/UM08 NAME, Never Asleep.jpg" ></set>
      <prop>
        <colors>BR</colors>
        <manacost>RB</manacost>
        <cmc>2</cmc>
        <type>Legendary Creature - Human Citizen </type>
        <maintype>Creature</maintype>
        <pt>3/1</pt>
      </prop>
      <tablerow>2</tablerow>
      <text>When NAME, Never Asleep enters, sacrifice a creature you control. Create a 2/2 black Nightmare creature token.
4BB: Return NAME from the graveyard to the battlefield transformed.
---
(Back): NAME, Dream Shadow</text>
      <related attach="transform">NAME, Dream Shadow</related>
    </card>
    <card>
      <name>NAME, Dream Shadow</name>
      <set rarity="uncommon" splitterPath="/NAME, Dream Shadow.jpg" ></set>
      <prop>
        <colors>B</colors>
        <manacost></manacost>
        <cmc>2</cmc>
        <type>Legendary Creature - Nightmare Wizard </type>
        <pt>4/4</pt>
      </prop>
      <tablerow>2</tablerow>
      <text>Nightmares you control have menace.
Whenever NAME, Dream Shadow attacks, each player sacrifices another creature. For each sacrificed this way, create a 2/2 black Nightmare creature token.
---
(Front): UM08 NAME, Never Asleep</text>
      <related attach="transform">UM08 NAME, Never Asleep</related>
    </card>
    <card>
      <name>UM10 NAME, Stone Flower</name>
      <set rarity="uncommon"></set>
      <prop>
        <colors>RG</colors>
        <manacost>1GR</manacost>
        <cmc>3</cmc>
        <type>Legendary Creature - Human Druid </type>
        <maintype>Creature</maintype>
        <pt>3/2</pt>
      </prop>
      <tablerow>2</tablerow>
      <text>When NAME, Stone Flower enters, monstrify 2 another target land or creature you control. (If it wasn’t a creature, it becomes a 0/0 Beast. Put two +1/+1 counters on it and its monstrous.)
4GR: Monstrify Name X times, where X is the number of monstrous lands you control.</text>
    </card>
    <card>
      <name>UM02 NAME, Relic Hunter</name>
      <set rarity="uncommon"></set>
      <prop>
        <colors>WG</colors>
        <manacost>2WG</manacost>
        <cmc>4</cmc>
        <type>Legendary Creature - Azra Rogue </type>
        <maintype>Creature</maintype>
        <pt>3/2</pt>
      </prop>
      <tablerow>2</tablerow>
      <text>First strike
At the beginning of your combat step, return target Equipment card from your graveyard to the battlefield. Then you may pay its equip cost and attach it to a creature you control.</text>
    </card>
    <card>
      <name>UM05 NAME, Shadow&apos;s Shinigami </name>
      <set rarity="uncommon"></set>
      <prop>
        <colors>WB</colors>
        <manacost>BW</manacost>
        <cmc>2</cmc>
        <type>Legendary Creature - Human Warlock </type>
        <maintype>Creature</maintype>
        <pt>2/3</pt>
      </prop>
      <tablerow>2</tablerow>
      <text>Whenever a Spirit enters, you gain 1 life and each opponent loses 1 life. 
Spectral Spirit 4WB (4WB, Exile this card from your graveyard: Create a token copy that’s a Spirit Human Warlock and put +1/+1 counters on it until its power is 4. Activate as a sorcery.)</text>
    </card>
    <card>
      <name>UM07 NAME, Daydreamer</name>
      <set rarity="uncommon" splitterPath="/UM07 NAME, Daydreamer.jpg" ></set>
      <prop>
        <colors>UR</colors>
        <manacost>RU</manacost>
        <cmc>2</cmc>
        <type>Legendary Creature - Human Citizen </type>
        <maintype>Creature</maintype>
        <pt>1/3</pt>
      </prop>
      <tablerow>2</tablerow>
      <text>When NAME, Daydreamer enters, put another target creature into a lucid dream. (Its face down as a 2/2 red Incarnation.)
If NAME would be turned face down on the battlefield from anywhere, she transforms instead.
---
(Back): NAME, Dream Flare</text>
      <related attach="transform">NAME, Dream Flare</related>
    </card>
    <card>
      <name>NAME, Dream Flare</name>
      <set rarity="uncommon" splitterPath="/NAME, Dream Flare.jpg" ></set>
      <prop>
        <colors>R</colors>
        <manacost></manacost>
        <cmc>2</cmc>
        <type>Legendary Creature - Incarnation Wizard </type>
        <pt>5/3</pt>
      </prop>
      <tablerow>2</tablerow>
      <text>Incarnations, Illusions, and Nightmares you control have haste.
Whenever NAME, Dream Flare transforms or attacks, you may exile a creature you control. When you do, you may cast a spell exiled this way.
---
(Front): UM07 NAME, Daydreamer</text>
      <related attach="transform">UM07 NAME, Daydreamer</related>
    </card>
    <card>
      <name>UM01 NAME, Ranger of Bonds</name>
      <set rarity="uncommon"></set>
      <prop>
        <colors>WR</colors>
        <manacost>2WR</manacost>
        <cmc>4</cmc>
        <type>Legendary Creature - Cat Pilot Ranger </type>
        <maintype>Creature</maintype>
        <pt>3/1</pt>
      </prop>
      <tablerow>2</tablerow>
      <text>Haste, Vigilance
Whenever NAME, Ranger of Bonds or a vehicle she crewed attacks, exile the top card of your library. Until the end of your turn, you may play that card if it is a creature, vehicle, or land until your next turn.</text>
    </card>
    <card>
      <name>UM03 NAME, Hidden Princess</name>
      <set rarity="uncommon" splitterPath="/UM03 NAME, Hidden Princess.jpg" ></set>
      <prop>
        <colors>UG</colors>
        <manacost>UG</manacost>
        <cmc>2</cmc>
        <type>Legendary Creature - Pegasus Noble </type>
        <maintype>Creature</maintype>
        <pt>2/2</pt>
      </prop>
      <tablerow>2</tablerow>
      <text>Whenever NAME, Hidden Princess attacks, scry X, where x is equal to her toughness. Then you may reveal the top card of your library. If its an enchantment card, put it in your hand.
3UG: Create a copy of Mantle of the Moon and cast it without paying its mana cost.
---
(Back): Mantle of the Blue Moon</text>
      <related attach="transform">Mantle of the Blue Moon</related>
    </card>
    <card>
      <name>Mantle of the Blue Moon</name>
      <set rarity="uncommon" splitterPath="/Mantle of the Blue Moon.jpg" ></set>
      <prop>
        <colors>U</colors>
        <manacost>2U</manacost>
        <cmc>2</cmc>
        <type>Legendary Enchantment - Aura </type>
      </prop>
      <tablerow>1</tablerow>
      <text>Enchant creature
Enchanted creature is Blue, gets +1/+2 and has flying.
Umbra Armor (If enchanted permanent would be destroyed, instead remove all damage from it and destroy this Aura.)
---
(Front): UM03 NAME, Hidden Princess</text>
      <related attach="transform">UM03 NAME, Hidden Princess</related>
    </card>
    <card>
      <name>UGXX NAME, Petite Princess</name>
      <set rarity="uncommon" splitterPath="/UGXX NAME, Petite Princess.jpg" ></set>
      <prop>
        <colors>G</colors>
        <manacost>G</manacost>
        <cmc>1</cmc>
        <type>Legendary Creature - Mouse Noble </type>
        <maintype>Creature</maintype>
        <pt>0/3</pt>
      </prop>
      <tablerow>2</tablerow>
      <text>Defender
{T}: Add one mana of any color.
As long as UGXX NAME, Petite Princess is enchanted, she loses defender.
At the beginning of combat on your turn, if you have three more more creatures in your Sentai, create a copy of Mantle of the Green Moon and then cast it for free.
---
(Back): Mantle of the Green Moon</text>
      <related attach="transform">Mantle of the Green Moon</related>
    </card>
    <card>
      <name>Mantle of the Green Moon</name>
      <set rarity="uncommon" splitterPath="/Mantle of the Green Moon.jpg" ></set>
      <prop>
        <colors>G</colors>
        <manacost>1G</manacost>
        <cmc>1</cmc>
        <type>Legendary Enchantment - Aura </type>
      </prop>
      <tablerow>1</tablerow>
      <text>Enchant Creature
Enchanted creature is Green gets +2/+2 and has vigilance.
Umbra Armor (If enchanted permanent would be destroyed, instead remove all damage from it and destroy this Aura.)
---
(Front): UGXX NAME, Petite Princess</text>
      <related attach="transform">UGXX NAME, Petite Princess</related>
    </card>
    <card>
      <name>UZ04 NAME, Prince</name>
      <set rarity="uncommon" splitterPath="/UZ04 NAME, Prince.jpg" ></set>
      <prop>
        <colors>WU</colors>
        <manacost>2W/U</manacost>
        <cmc>3</cmc>
        <type>Legendary Creature - Human Noble </type>
        <maintype>Creature</maintype>
        <pt>3/2</pt>
      </prop>
      <tablerow>2</tablerow>
      <text>When NAME, Prince enters or attacks, surveil 1. If a nonland card is put in your graveyard this way, draw a card. (Look at the top card of your library. You may put that card into your graveyard.)
At your end step, if there are eight or more cards in your graveyard, create a Mantle of the White Moon token and attach it to NAME.
---
(Back): Mantle of the White Moon</text>
      <related attach="transform">Mantle of the White Moon</related>
    </card>
    <card>
      <name>Mantle of the White Moon</name>
      <set rarity="uncommon" splitterPath="/Mantle of the White Moon.jpg" ></set>
      <prop>
        <colors>W</colors>
        <manacost>3W</manacost>
        <cmc>3</cmc>
        <type>Legendary Enchantmnet -  Aura</type>
      </prop>
      <tablerow>1</tablerow>
      <text>Enchant Creature
Enchanted creature is White, gets +1/+2 and has, “Whenever this creature attacks, create a 1/1 tapped and attacking token copy of it.” 
Umbra Armor (If enchanted permanent would be destroyed, instead remove all damage from it and destroy this Aura.)
---
(Front): UZ04 NAME, Prince</text>
      <related attach="transform">UZ04 NAME, Prince</related>
    </card>
    <card>
      <name>UZ02 NAME, Ranger of Legends</name>
      <set rarity="uncommon"></set>
      <prop>
        <colors>WG</colors>
        <manacost>1G/WG/W</manacost>
        <cmc>3</cmc>
        <type>Legendary Creature - Pilot Ranger </type>
        <maintype>Creature</maintype>
        <pt>3/1</pt>
      </prop>
      <tablerow>2</tablerow>
      <text>When NAME, Ranger of Legends enters, return an artifact card from your graveyard to your hand.
Other untapped creatures you control get +1/+0.</text>
    </card>
    <card>
      <name>URXX NAME, Ranger of Passion</name>
      <set rarity="uncommon"></set>
      <prop>
        <colors>R</colors>
        <manacost>R</manacost>
        <cmc>1</cmc>
        <type>Legendary Creature - Pilot Ranger </type>
        <maintype>Creature</maintype>
        <pt>2/1</pt>
      </prop>
      <tablerow>2</tablerow>
      <text>Vehicles you control have haste.</text>
    </card>
    <card>
      <name>UWXX NAME, Sky&apos;s Shinigami</name>
      <set rarity="uncommon"></set>
      <prop>
        <colors>W</colors>
        <manacost>3W</manacost>
        <cmc>4</cmc>
        <type>Legendary Creature - Human Warlock </type>
        <maintype>Creature</maintype>
        <pt>2/4</pt>
      </prop>
      <tablerow>2</tablerow>
      <text>When UWXX NAME, Sky’s Shinigami enters target creature with power 2 or less in your graveyard gains UWXX NAME, Sky’s Shinigami Spectral ability.
Spectral Spirit 3W (3W, Exile this card from your graveyard: Create a token copy that’s a Spirit Human Warlock and put +1/+1 counters on it until its power is 4. Activate as a sorcery.)</text>
    </card>
    <card>
      <name>UZ06 Name, Depth&apos;s Shinigami</name>
      <set rarity="uncommon"></set>
      <prop>
        <colors>UB</colors>
        <manacost>U/B</manacost>
        <cmc>1</cmc>
        <type>Legendary Creature - Merfolk Warlock </type>
        <maintype>Creature</maintype>
        <pt>1/2</pt>
      </prop>
      <tablerow>2</tablerow>
      <text>As Name, Depth’s Shinigami enters or dies mills cards equal to its power plus 2.
Spectral Spirit 4UB (4UB, Exile this card from your graveyard: Create a token copy that’s a Spirit Merfolk Warlock and put +1/+1 counters on it until its power is 4. Activate as a sorcery.)</text>
    </card>
    <card>
      <name>UZ08 NAME, Restless Dreams</name>
      <set rarity="uncommon" splitterPath="/UZ08 NAME, Restless Dreams.jpg" ></set>
      <prop>
        <colors>BR</colors>
        <manacost>3B/R</manacost>
        <cmc>4</cmc>
        <type>Legendary Creature - Human Citizen </type>
        <maintype>Creature</maintype>
        <pt>3/2</pt>
      </prop>
      <tablerow>2</tablerow>
      <text>When NAME, Restless Dreams enters, put another target creature you control into a disturbed dream. (Turn it face down as a 2/2 black Nightmare. Treat DFCs as a single face.)
If NAME would be turned face down on the battlefield from anywhere, he transforms instead. 
---
(Back): NAME, Dream Shadow</text>
      <related attach="transform">NAME, Dream Shadow</related>
    </card>
    <card>
      <name>NAME, Dream Shadow</name>
      <set rarity="uncommon" splitterPath="/NAME, Dream Shadow.jpg" ></set>
      <prop>
        <colors>B</colors>
        <manacost></manacost>
        <cmc>4</cmc>
        <type>Legendary Creature - Nightmare Wizard </type>
        <pt>4/4</pt>
      </prop>
      <tablerow>2</tablerow>
      <text>Nightmares and Incarnations you control have lifelink.
Whenever NAME, Dream Shadow attacks, you may sacrifice a creature. When you do, you may cast a creature card from your graveyard.
---
(Front): UZ08 NAME, Restless Dreams</text>
      <related attach="transform">UZ08 NAME, Restless Dreams</related>
    </card>
    <card>
      <name>UUXX NAME, Half Asleep</name>
      <set rarity="uncommon" splitterPath="/UUXX NAME, Half Asleep.jpg" ></set>
      <prop>
        <colors>U</colors>
        <manacost>2U</manacost>
        <cmc>3</cmc>
        <type>Legendary Creature - Human Citizen </type>
        <maintype>Creature</maintype>
        <pt>1/3</pt>
      </prop>
      <tablerow>2</tablerow>
      <text>When UUXX NAME, Half Asleep enters, put another target creature you control into a deep dream. (Turn it face down as a 2/2 blue Illusion. Treat DFCs as a single face.)
If NAME would be turned face down on the battlefield from anywhere, she transforms instead.
---
(Back): NAME, Dream Tempest</text>
      <related attach="transform">NAME, Dream Tempest</related>
    </card>
    <card>
      <name>NAME, Dream Tempest</name>
      <set rarity="uncommon" splitterPath="/NAME, Dream Tempest.jpg" ></set>
      <prop>
        <colors>U</colors>
        <manacost></manacost>
        <cmc>3</cmc>
        <type>Legendary Creature - Illusion Wizard </type>
        <pt>3/5</pt>
      </prop>
      <tablerow>2</tablerow>
      <text>Illusions and Incarnations you control have flying.
Whenever NAME, Dream Tempest attacks, you may return target creature you control to your hand. When you do, you may cast a spell.
---
(Front): UUXX NAME, Half Asleep</text>
      <related attach="transform">UUXX NAME, Half Asleep</related>
    </card>
    <card>
      <name>CU05  Moon&apos;s Vassal</name>
      <set rarity="common"></set>
      <prop>
        <colors>U</colors>
        <manacost>4U</manacost>
        <cmc>5</cmc>
        <type>Creature - Bird Citizen Monk </type>
        <maintype>Creature</maintype>
        <pt>3/3</pt>
      </prop>
      <tablerow>2</tablerow>
      <text>When Moon’s Vassal enters, return target Aura or Legendary Blue creature from your graveyard to your hand.</text>
    </card>
    <card>
      <name>UM09 NAME, Capsule Collector</name>
      <set rarity="uncommon" splitterPath="/UM09 NAME, Capsule Collector.jpg" ></set>
      <prop>
        <colors>BG</colors>
        <manacost>GB</manacost>
        <cmc>2</cmc>
        <type>Legendary Creature - Kithkin Citizen </type>
        <maintype>Creature</maintype>
        <pt>1/3</pt>
      </prop>
      <tablerow>2</tablerow>
      <text>Whenever a creature you control dies, create a clue token.
5B/GB/G: Transform NAME. This ability costs {1} less for each counter on creatures you control.
---
(Back): NAME, Capsule Summoner</text>
      <related attach="transform">NAME, Capsule Summoner</related>
    </card>
    <card>
      <name>NAME, Capsule Summoner</name>
      <set rarity="uncommon" splitterPath="/NAME, Capsule Summoner.jpg" ></set>
      <prop>
        <colors>G</colors>
        <manacost></manacost>
        <cmc>2</cmc>
        <type>Legendary Creature - Kithkin Mystic </type>
        <pt>2/4</pt>
      </prop>
      <tablerow>2</tablerow>
      <text>When NAME, Capsule Summoner transforms, put two +1/+1 counters on her.
Whenever a creature you control dies, create a clue token.
Creatures you control with counters have vigilance.
---
(Front): UM09 NAME, Capsule Collector</text>
      <related attach="transform">UM09 NAME, Capsule Collector</related>
    </card>
    <card>
      <name>UZ10 Fido, Good boy Summon</name>
      <set rarity="uncommon"></set>
      <prop>
        <colors>RG</colors>
        <manacost>1R/GR/G</manacost>
        <cmc>3</cmc>
        <type>Legendary Creature - Beast Dog </type>
        <maintype>Creature</maintype>
        <pt>3/3</pt>
      </prop>
      <tablerow>2</tablerow>
      <text>Creatures with counters you control have trample.
Haste
When Fido, Good boy Summon attacks with two or more other creatures, monstrify 1 it. (Put a +1/+1 counter on it and its now monstrous.)</text>
    </card>
    <card>
      <name>CZ10 Summon Elemental</name>
      <set rarity="common"></set>
      <prop>
        <colors>RG</colors>
        <manacost>3G/RG/R</manacost>
        <cmc>5</cmc>
        <type>Sorcery</type>
        <maintype>Sorcery</maintype>
      </prop>
      <tablerow>3</tablerow>
      <text>Search your library for a Mountain or Forest card and put it into the battlefield tapped. Its a red and green Elemental Spirit creature in addition to its other types. Shuffle. Monstrify 4 it. (Put four +1/+1 counters on it and its monstrous. Its still a land.)</text>
    </card>
    <card>
      <name>UM04 NAME, Jaded Kekkaishi</name>
      <set rarity="uncommon"></set>
      <prop>
        <colors>WU</colors>
        <manacost>3UW</manacost>
        <cmc>5</cmc>
        <type>Legendary Creature - Shaman </type>
        <maintype>Creature</maintype>
        <pt>2/5</pt>
      </prop>
      <tablerow>2</tablerow>
      <text>Whenever an enchantment enters under your control, gain 2 life and draw a card. Then, discard a card
When NAME, Jaded Kekkaishi attacks, create a 0/3 colorless Barrier creature token.</text>
    </card>
    <card>
      <name>CZ04 Moonlight Elemental</name>
      <set rarity="common"></set>
      <prop>
        <colors>WU</colors>
        <manacost>U/WU/W</manacost>
        <cmc>2</cmc>
        <type>Enchantment Creature - Elemental </type>
        <maintype>Creature</maintype>
        <pt>1/1</pt>
      </prop>
      <tablerow>2</tablerow>
      <text>Moonlight Elemental enters as a copy of target creature you control with mana value 2 or less, except its white and blue, an Elemental in addition to its other types, and its base power and toughness are 1/1.</text>
    </card>
    <card>
      <name>CR11 Team Pump</name>
      <set rarity="common"></set>
      <prop>
        <colors>R</colors>
        <manacost>2RR</manacost>
        <cmc>4</cmc>
        <type>Sorcery</type>
        <maintype>Sorcery</maintype>
      </prop>
      <tablerow>3</tablerow>
      <text>Put a card from your hand onto the battlefield in any dream. Creatures you control have haste and get +2/+0 until end of turn. (Its a face down 2/2 red Incarnation, blue illusion or black nightmare)</text>
    </card>
    <card>
      <name>CT01 Flanker</name>
      <set rarity="common" splitterPath="/CT01 Flanker.jpg" ></set>
      <prop>
        <colors>W</colors>
        <manacost>2W</manacost>
        <cmc>3</cmc>
        <type>Creature - SPECIES CLASS </type>
        <maintype>Creature</maintype>
        <pt>1/3</pt>
      </prop>
      <tablerow>2</tablerow>
      <text>Vigilance
Whenever CT01 Flanker attacks, another creature you control gets +1/+0 until end of turn.
Team (Cast either side or both. When you cast both, the back is a token.)
---
(Back): Team Leader</text>
      <related attach="transform">Team Leader</related>
    </card>
    <card>
      <name>Team Leader</name>
      <set rarity="common" splitterPath="/Team Leader.jpg" ></set>
      <prop>
        <colors>R</colors>
        <manacost>3R</manacost>
        <cmc>3</cmc>
        <type>Creature - SPECIES CLASS </type>
        <pt>2/2</pt>
      </prop>
      <tablerow>2</tablerow>
      <text>Haste
Team Leader has double strike on your turn.
---
(Front): CT01 Flanker</text>
      <related attach="transform">CT01 Flanker</related>
    </card>
    <card>
      <name>CT02 Student of Spirits</name>
      <set rarity="common" splitterPath="/CT02 Student of Spirits.jpg" ></set>
      <prop>
        <colors>U</colors>
        <manacost>2U</manacost>
        <cmc>3</cmc>
        <type>Creature - Human Citizen </type>
        <maintype>Creature</maintype>
        <pt></pt>
      </prop>
      <tablerow>2</tablerow>
      <text>Whenever another creature enters under your control, draw a card. When you do discard a card.
Team (Cast either side or both. When you cast both, the back is a token.)
---
(Back): Friendly Kappa</text>
      <related attach="transform">Friendly Kappa</related>
    </card>
    <card>
      <name>Friendly Kappa</name>
      <set rarity="common" splitterPath="/Friendly Kappa.jpg" ></set>
      <prop>
        <colors>G</colors>
        <manacost>2GG</manacost>
        <cmc>3</cmc>
        <type>Enchantment Creature - Spirit Turtle </type>
        <pt>3/3</pt>
      </prop>
      <tablerow>2</tablerow>
      <text>When Friendly Kappa enters, return a permanent card from your graveyard to your hand. 
---
(Front): CT02 Student of Spirits</text>
      <related attach="transform">CT02 Student of Spirits</related>
    </card>
    <card>
      <name>CT03 Love Struck Revnant</name>
      <set rarity="common" splitterPath="/CT03 Love Struck Revnant.jpg" ></set>
      <prop>
        <colors>B</colors>
        <manacost>B</manacost>
        <cmc>1</cmc>
        <type>Enchantment Creature - Spirit Warrior </type>
        <maintype>Creature</maintype>
        <pt>2/1</pt>
      </prop>
      <tablerow>2</tablerow>
      <text>Lifelink
Team (Cast either side or both. When you cast both, the back is a token.)
---
(Back): Love Struck Medium</text>
      <related attach="transform">Love Struck Medium</related>
    </card>
    <card>
      <name>Love Struck Medium</name>
      <set rarity="common" splitterPath="/Love Struck Medium.jpg" ></set>
      <prop>
        <colors>W</colors>
        <manacost>2W</manacost>
        <cmc>1</cmc>
        <type>Creature - Human Warlock </type>
        <pt>2/3</pt>
      </prop>
      <tablerow>2</tablerow>
      <text>At your end step, if you gained life this turn, surveil 1. (Look at the top card of your library. You may put that card into your graveyard.)
---
(Front): CT03 Love Struck Revnant</text>
      <related attach="transform">CT03 Love Struck Revnant</related>
    </card>
    <card>
      <name>CT04 Nightmare Oni</name>
      <set rarity="common" splitterPath="/CT04 Nightmare Oni.jpg" ></set>
      <prop>
        <colors>R</colors>
        <manacost>R</manacost>
        <cmc>1</cmc>
        <type>Creature - Azra Wizard </type>
        <maintype>Creature</maintype>
        <pt>1/1</pt>
      </prop>
      <tablerow>2</tablerow>
      <text>1R, {T}, sacrifice a creature: Draw a card.
Team (Cast either side or both. When you cast both, the back is a token.) 
---
(Back): Dream Oni</text>
      <related attach="transform">Dream Oni</related>
    </card>
    <card>
      <name>Dream Oni</name>
      <set rarity="common" splitterPath="/Dream Oni.jpg" ></set>
      <prop>
        <colors>U</colors>
        <manacost>1U</manacost>
        <cmc>1</cmc>
        <type>Creature - Azra Wizard </type>
        <pt>1/1</pt>
      </prop>
      <tablerow>2</tablerow>
      <text>Flying, Vigilance
When Dream Oni dies, draw a card.
---
(Front): CT04 Nightmare Oni</text>
      <related attach="transform">CT04 Nightmare Oni</related>
    </card>
    <card>
      <name>CT05 Demiplanar Guide</name>
      <set rarity="common" splitterPath="/CT05 Demiplanar Guide.jpg" ></set>
      <prop>
        <colors>G</colors>
        <manacost>1G</manacost>
        <cmc>2</cmc>
        <type>Enchantment Creature - Spirit Elk </type>
        <maintype>Creature</maintype>
        <pt>2/2</pt>
      </prop>
      <tablerow>2</tablerow>
      <text>Whenever CT05 Demiplanar Guide attacks, it and another creature you control can’t be blocked by creatures with power 2 or less this turn.
Team (Cast either side or both. When you cast both, the back is a token.)
---
(Back): Demiplanar Traveler</text>
      <related attach="transform">Demiplanar Traveler</related>
    </card>
    <card>
      <name>Demiplanar Traveler</name>
      <set rarity="common" splitterPath="/Demiplanar Traveler.jpg" ></set>
      <prop>
        <colors>B</colors>
        <manacost>4B</manacost>
        <cmc>2</cmc>
        <type>Creature - Elk Warrior </type>
        <pt>4/2</pt>
      </prop>
      <tablerow>2</tablerow>
      <text>Haste
---
(Front): CT05 Demiplanar Guide</text>
      <related attach="transform">CT05 Demiplanar Guide</related>
    </card>
    <card>
      <name>CA01 Centennial Celebrants</name>
      <set rarity="common"></set>
      <prop>
        <colors></colors>
        <manacost>1</manacost>
        <cmc>1</cmc>
        <type>Creature - Citizen </type>
        <maintype>Creature</maintype>
        <pt>2/2</pt>
      </prop>
      <tablerow>2</tablerow>
      <text>Centennial Celebrants is all colors.
Bystander (This can’t attack or block.)
When Centennial Celebrants enters the battlefield, search your library for a basic land and put it into your hand. Shuffle.</text>
    </card>
    <card>
      <name>CA03 Delivery Truck</name>
      <set rarity="common"></set>
      <prop>
        <colors></colors>
        <manacost>3</manacost>
        <cmc>3</cmc>
        <type>Artifact - Vehicle </type>
        <maintype>Artifact</maintype>
      </prop>
      <tablerow>1</tablerow>
      <text>When Delivery Truck enters or attacks, scry 2.
Crew 3 (Tap any number of creatures you control with total power 3 or greater: This Vehicle becomes an artifact creature until end of turn.)</text>
    </card>
    <card>
      <name>CA04 Centennial Sentinal</name>
      <set rarity="common"></set>
      <prop>
        <colors></colors>
        <manacost>7</manacost>
        <cmc>7</cmc>
        <type>Artifact Creature - Construct </type>
        <maintype>Creature</maintype>
        <pt>7/7</pt>
      </prop>
      <tablerow>2</tablerow>
      <text>This spell costs {1} less for each member of your sentai. (Your sentai is up to one creature of each color.)</text>
    </card>
    <card>
      <name>UBXX Legion, Summon</name>
      <set rarity="uncommon"></set>
      <prop>
        <colors>B</colors>
        <manacost>B</manacost>
        <cmc>1</cmc>
        <type>Legendary Creature - Spirit Beast </type>
        <maintype>Creature</maintype>
        <pt>1/1</pt>
      </prop>
      <tablerow>2</tablerow>
      <text>{B}: If UBXX Legion, Summon isn’t monstrous, monstrify 1 it.
BB: If UBXX Legion, Summon is not an Army, double the number of counters on it and it becomes an Army in addition to its other types.
BBB: If UBXX Legion, Summon is an army, it gains “Creature you control with counters are  have menace.”</text>
    </card>